{
  "roc_auc_mean": 0.7576029428077542,
  "roc_auc_std": 0.04807158822369263,
  "f1_mean": 0.6872902543172034,
  "f1_std": 0.02963160255674286,
  "accuracy_mean": 0.6879694343490821,
  "accuracy_std": 0.03037903202195603
}